{
  "total_conversions": 1000,
  "successful_conversions": 982,
  "average_quality": 0.7720878949932093,
  "best_quality": 0.9495934442791447,
  "best_parameters": {
    "denoising_strength": 0.49999999999999994,
    "cfg_scale": 5.0,
    "steps": 40,
    "controlnet_weight": 0.8499999999999999
  },
  "training_time": 0.0
}